{
  "ridge": {
    "r2": 0.09748435725035154,
    "rmse": 23214.573762155218
  },
  "rf": {
    "r2": 0.21953706806394302,
    "rmse": 21587.85466536096
  },
  "hgb": {
    "r2": 0.22211014721220712,
    "rmse": 21552.239189617077
  },
  "best_model": "hgb",
  "residual_std": 20249.11580617798
}